kor_full,no,title,year
"초등 예비교사의 테크놀로지 활용역량 탐색 및 수업모델 연구 테크놀로지 활용역량, 메이커, 메이커 교육 본 연구는 TPACK, 디지털 리터러시, 메이커 교육 등 선행연구를 바탕으로 초등학교 예비교사에게 필요한 테크놀로지 활용역량을 탐색하여 5가지 영역 13가지 하위요소로 분류하였다. “테크놀로지 활용과 스마트라이프”를 수강하는 G 교육대학교 1학년 학생을 대상으로 테크놀로지 활용역량을 향상하기 위한 프로젝트 기반 메이커교육 수업 모델을 설계 및 적용하였다. 강의 전후 설문조사 및 강의 후 인터뷰를 통해 대학생들의 테크놀로지 활용역량을 검사하였고 수용적 태도가 향상되었다. 또한 대학생들의 인터뷰, 관찰일지, 상호평가를 바탕으로 프로젝트 기반 메이커 교육모델을 수정하였다.",1023.0,초등 예비교사의 테크놀로지 활용역량 탐색 및 수업모델 연구,2019.0
"로봇 활용 SW 교육에서 활동 및 학습 내용에 따른 학습자 흥미: 햄스터 로봇을 중심으로 로봇 활용 SW 교육, 흥미, 엔트리, 햄스터 로봇, 활동, 학습 내용, 시연 중심 모델 본 연구에서는 초등학교 로봇 활용 SW 교육에서 진행되는 활동 및 학습 내용에 따른 학습자의 흥미를 알아보고자 하였다. 이를 위해 서울 소재의 A 청소년수련관에서 실시하는 로봇 활용 SW 교육에 참여한 초등학생 15명을 대상으로 엔트리와 햄스터 로봇을 활용하여 4주간 수업을 진행하고 기술통계분석을 실시하였다. 연구 결과, 학생들은 햄스터 로봇과 관련된 활동들을 전반적으로 흥미롭게 여기는 것으로 나타났다. 구체적으로, 남학생들은 가속도 센서, 밝기 센서와 관련된 활동의 흥미가 높고, 여학생은 소리, 움직임과 관련된 활동의 흥미가 높은 것으로 나타나 성별의 차이가 관찰되었다. 본 연구는 활동 및 학습 내용에 따른 학생들의 흥미를 알아보고, 성별의 차이를 분석하여, 학교 현장에서 활용할 수 있는 구체적인 자료를 제공하였다는 데 연구의 의의를 찾을 수 있다.",1024.0,로봇 활용 SW 교육에서 활동 및 학습 내용에 따른 학습자 흥미: 햄스터 로봇을 중심으로,2019.0
"디자인 사고 기반 메이커 교육 프로그램이 초등학생의 창의적 문제해결력에 미치는 영향 디자인 사고, 메이커 교육, 창의적 문제해결력, 초등 소프트웨어 교육, 아두이노, 피지컬컴퓨팅 최근 4차 산업혁명의 핵심 영역 중 하나로 메이커 운동(maker movement)이 떠오르고 있다. 메이커 운동은 오픈소스 소프트웨어 및 하드웨어, 3D 프린터, 레이저 커팅기 등 다양하고 저렴한 제작 도구를 이용하여 사용자가 필요한 물건을 직접 제작하고 공유하는 것이다. 메이커 교육을 초․중등(K-12) 수업에 적용할 때 디자인 사고를 기반으로 한다면 그 효과가 증진될 것으로 생각한다. 본 연구의 목적은 디자인 사고 기반 메이커 교육 프로그램을 개발하고 수업에 적용하여 초등학생의 창의적 문제해결력에 미치는 영향을 밝히는 것이다. 연구 내용을 검증하기 위해 초등학교 5～6학년 학생을 통제집단과 실험집단으로 나누고 통제집단에는 일반적인 강의식 메이커 수업을 적용하였고, 실험집단에는 개발된 디자인 사고 기반의 메이커 수업을 적용하였다. 창의적 문제해결력 검사를 사전, 사후 실시하였고, 통계적 t-검정을 이용하여 그 효과성을 검증하였다. 결론적으로 본 연구를 통해 디자인 사고 기반 메이커 교육 프로그램은 초등학생의 창의적 문제해결력에 긍정적인 영향이 있음을 밝혔다.",1025.0,디자인 사고 기반 메이커 교육 프로그램이 초등학생의 창의적 문제해결력에 미치는 영향,2019.0
"알고리즘 교육을 통한 비버챌린지 결과 분석 비버챌린지, 컴퓨팅 사고, 알고리즘, SW교육, 평가도구 SW 교육의 중요성이 증대되면서 학생들의 컴퓨팅 사고력 향상을 위한 연구가 활발하게 진행되고 있다. 본 논문에서는 비버챌린지 2018 체험하기와 도전하기 그룹Ⅲ의 과제를 초등학교 5학년 55명을 대상으로 실시한 후 평균점수 비교, 스마트폰 보유여부, 컴퓨터 친숙도, 인내심, 집중도, 학업능력 요소와의 관련성 등을 분석하였다. 그 결과, 체험하기점수에 비해 도전점수의 평균, 정답률, 난이도별 정답률 모두 높아졌고, 컴퓨터 친숙도, 인내심, 집중도가 높을수록 도전점수가 높아졌지만, 스마트폰 보유여부와 학업능력 요소는 점수에 영향을 미치지 않았다. 또한, 난이도가 어려운 과제에서는 인내심 요소가, 난이도가 보통인 과제에서는 컴퓨터 친숙도 요소가, 난이도가 쉬운 과제에서는 집중도 요소가 점수에 영향을 미쳤다. 따라서, 추후 분석대상과 그룹 범위를 넓혀 평가영역도 추가하여 분석할 필요가 있다.",1026.0,알고리즘 교육을 통한 비버챌린지 결과 분석,2019.0
"청소년 기업가정신 함양을 위한 메이커교육 프로그램 개발 기업가정신, 메이커교육, 교수설계, 교육 프로그램 개발, 청소년 교육 최근 4차 산업혁명 시대를 맞이하여 창조적 혁신을 이끌어내기 위한 기업가정신 교육이 강조되고 있다. 본 연구는 선행연구에서 청소년을 위한 기업가정신 교육 방법론으로 제안된 메이커교육 설계 모형을 바탕으로 구체적인 교육 프로그램을 개발함으로써 교육 현장에서의 실천을 촉진할 수 있는 방안을 제시하고자 하였다. 이를 위해 중학교 3학년~고등학생을 대상으로 학습 주제군과 수준에 따라 총 2종의 프로그램과 보조 자료를 개발하였다. 최종 산출물은 학생용 교재, 교사용 가이드북, 수업용 PPT, 팀 활동용 워크시트로 구성하였다. 개발한 교육 프로그램에 대해서 중학생 14명을 대상으로 파일럿 워크숍을 실시하였으며, 전문가 3인으로부터 감수를 받아 최종 프로그램을 개발 완료하였다. 본 연구는 기업가정신 함양을 위한 메이커교육 실천에 요구되는 구체적인 프로그램을 제안함으로써 현장에서의 기업가정신 교육 착근에 기여할 수 있다는 측면에서 의의가 있다.",1027.0,청소년 기업가정신 함양을 위한 메이커교육 프로그램 개발,2019.0
"초등예비교원의 SW교육에 대한 인식, 경험의 질적 탐구 SW교육, 초등 예비교사, 인식, 경험 4차 산업혁명시대를 맞이하여 소프트웨어를 원활히 운용·활용하여 문제 상황을 해결하는 컴퓨팅 사고력(computational thinking)을 갖추는 것은 필수적이라 볼 수 있다. 이에 정부는 컴퓨팅 사고력 함양을 목표로 개정 2015 교육과정으로 공교육에 체계적인 SW교육을 도입하여 필수화하였고, 초등학교에서는 실과 교과에서 SW교육이 내년 본격적으로 실시된다. SW교육이 학교현장에 체계적으로 안정되기 위해서는 무엇보다도 교사의 지도역량이 뒷받침되어야 하고, 이를 위해서 정부는 ‘2018년 교원양성대학 소프트웨어 교육 강화 지원 사업(SWEET)’을 추진하고 있다. 하지만, 정책이 추진되더라도 현장에서 교수·학습방법 개선 등의 방안을 강구하는 것이 뒤늦게 이루어지는 경향이 있으며, 교육의 변화의 주체는 교사이기에 교사가 변화에 대해 갖고 있는 인식, 경험, 관심도를 파악하는 것은 매우 중요하다고 할 수 있다. 따라서 본 연구에서는 초등예비교원의 SW교육에 대한 학습자의 인식, 경험에 대한 질적 분석을 실시하여 다양한 학습사례제시 등을 제안하였다.",1028.0,"초등예비교원의 SW교육에 대한 인식, 경험의 질적 탐구",2019.0
"초등 교과 교육을 위한 플립 러닝 기반 스마트 교수-학습 시스템의 개발 및 적용 학습자 중심 교육, 플립 러닝, 교수-학습 시스템, 교과교육, 학업성취도 본 연구에서는 초등 교과 교육을 위한 플립 러닝 기반 스마트 교수-학습 시스템을 설계 및 개발하고 이를 초등 교육 현장에 적용하여 교과 성취 수준 및 교과 만족도에 미치는 영향을 분석 평가하는 데 목적이 있다. 본 교수-학습 시스템은 비디오 파트, 데이트 파트, 러닝라인 파트의 세 부분으로 구성되었으며, 플립 러닝 기반 수업을 위하여 프레젠테이션, 사전 수업 동영상, 스프레드시트 등이 제작되었다. 본 연구의 교수-학습 시스템을 수업에 적용하여 분석한 결과 학습자들의 교과 성취 수준 신장 및 교과 만족도 향상에 긍정적인 영향을 미치는 것으로 나타났다. 본 연구에 대한 시사점 및 후속 연구에 대한 제언을 제시하였다.",1029.0,초등 교과 교육을 위한 플립 러닝 기반 스마트 교수-학습 시스템의 개발 및 적용,2019.0
"언플러그드 방식을 활용한 알고리즘 수행시간 분석이 초등학교 3학년 학생의 컴퓨팅 사고력에 미치는 효과 알고리즘, 컴퓨팅사고력, 수행시간 분석, 언플러그드 본 연구에서는 알고리즘의 수행시간 분석에 초점을 맞춘 언플러그드 방식의 교육이 초등학교 3학년 학생들의 컴퓨팅 사고력 향상에 미치는 효과를 분석해보았다. 현직 초등교사 70명과 초등학교 3학년 학생 120명을 대상으로 실시한 요구분석 결과를 바탕으로, ADDIE 모형의 절차에 따라 언플러그드 교육프로그램을 개발하였다. 개발한 교육프로그램으로 초등학교 3학년 학생 24명에게 총 6일 동안 36시간의 수업을 진행하였고, 같은 시간 동안 보드게임 교육을 받은 24명의 학생들과 사전·사후 비교 검사를 통해 효과를 분석하였다. 분석 결과, 알고리즘의 수행시간 분석에 초점을 맞춘 언플러그드 방식의 교육은 초등학교 3학년 학생들의 컴퓨팅 사고력에 긍정적인 효과를 미치는 것으로 확인되었다.",1030.0,언플러그드 방식을 활용한 알고리즘 수행시간 분석이 초등학교 3학년 학생의 컴퓨팅 사고력에 미치는 효과,2019.0
"2015 개정 초등 소프트웨어교육 성취기준에 따른 교과서 내용 분석 교과서 분석, 2015 개정 교육과정, 소프트웨어교육, 성취기준 본 연구에서는 2015 개정 실과 교육과정의 소프트웨어교육 성취기준을 바탕으로 초등학교 실과 교과서에 포함된 소프트웨어교육 영역의 내용을 분석하여 소프트웨어교육이 갖는 특징을 탐색해보고 향후 초등 소프트웨어교육이 나아가야 할 방향을 고찰해보고자 하였다. 분석 결과 교육부에서 제시된 다섯 개의 성취기준은 교과서에 따라 17차시 또는 18차시로 교육시수가 각각 다르게 배정되어 있으며 교과서에 따라 절차적 사고와 관련된 언플러그드 활동과 컴퓨터 과학과 관련된 언플러그드 활동이 포함되어있는 것으로 나타났다. 또한 [6실04-09]와 [6실04-10] 성취기준은 내용 구성 방식이 교과서별로 상이하게 나타났다. 본 연구결과를 토대로 향후 초등 소프트웨어교육이 학교현장에 안착되고 지속적으로 발전될 수 있도록 6종 교과서에 대한 양적·질적 분석이 이루어지는 후속 연구들이 지속적으로 진행되어야 할 것으로 보인다.",1031.0,2015 개정 초등 소프트웨어교육 성취기준에 따른 교과서 내용 분석,2019.0
"SW교육 강화를 위한 교육대학교의 교육과정 개선 요구 분석 교육대학교, 소프트웨어 교육, 교육과정, 개선 방안, 교양과정, 전공과정, 심화과정 초등교원을 양성하는 교육대학교에서 SW교육을 강화시키기 위한 교육과정을 개발하는 데 필요한 기초 자료를 마련하기 위해 G교육대학교 학생 1,260명을 대상으로 설문조사를 실시하였다. 그 결과를 정리하면 다음과 같다. 첫째, 교육대학교 학생들을 대상으로 한 SW교육 시간을 늘리고, SW교육 역량을 제고할 수 있도록 교육 내용을 개선할 필요가 있다. 둘째, 교양 과정에서의 SW를 활용한 교수법과 교재를 개발하고, 그것을 위한 시수가 확보되어야 한다. 셋째, 전공 과정에서는 교과 내용학 보다는 교과 교육학을 중심으로 한 교육 내용이 확대되어야 한다. 넷째, 심화 과정에서는 초등학교 교육과정과의 연계를 높일 수 있도록 엔트리 등 교육용프로그래밍언어를 중심으로 한 프로그래밍 교육이 강화되어야 한다. 또한, 심화과정에서의 필수 과목을 줄이고 선택과목을 늘림으로써 학생들의 과목 선택권을 확대할 필요가 있다.",1032.0,SW교육 강화를 위한 교육대학교의 교육과정 개선 요구 분석,2019.0
"블록형 프로그래밍 언어 기반 인공지능 교육이 학습자의 인공지능 기술 태도에 미치는 영향 분석 인공지능 기술 태도, 인공지능 교육, 스크래치3.0, 머신러닝 모델 개발, Machine Learning for kids 인공지능이 우리 생활의 다양한 곳에 사용되기 시작하였으며, 최근 그 영역 또한 점차 확대되고 있다. 하지만 인공지능에 대한 교육이 초등학생을 대상으로 이루어지고 있지 않기 때문에 학생들이 인공지능 기술에 대해 어렵게 인식하는 경향이 있다. 이에 본 논문에서는 교육용 프로그래밍 언어와 인공지능 교육 방법을 고찰하고, 인공지능에 대한 교육을 실시함으로써 학생들의 인공지능 기술에 대한 태도의 변화를 살펴보았다. 이를 위해 학생들의 수준에 적절한 블록형 프로그래밍 언어 기반 인공지능 기술에 대한 교육을 실시하였다. 그리고 학생들의 인공지능 기술에 대한 태도를 단일집단 사전사후 검사를 통해 태도의 변화를 살펴보았다. 그 결과 인공지능에 대한 흥미, 인공지능 기술에 대한 접근 가능성, 학교에서 인공지능 기술에 대한 교육의 필요성에 있어 유의미한 향상을 가져왔다.",1033.0,블록형 프로그래밍 언어 기반 인공지능 교육이 학습자의 인공지능 기술 태도에 미치는 영향 분석,2019.0
"파이썬을 활용한 탐색 알고리즘 수행시간 분석이 초등학생의 논리성에 미치는 효과 파이썬, 탐색알고리즘, SW교육, 논리성 본 연구는 초등학생의 논리성 향상을 위해 파이썬을 활용한 탐색 알고리즘 기반 수행시간 비교 및 분석 교육 프로그램을 개발하고 적용하여 그 효과를 분석했다. 본 교육 프로그램은 ○○도내 초등학교 6학년 133명을 대상으로 실시한 사전 요구분석 결과를 활용하였고, ADDIE 모형의 절차에 따라 개발하였다. 개발한 교육 프로그램의 효과를 검증하기 위해서 ○○대학교에서 실시한 교육기부 프로그램의 지원자 25명을 대상으로 6일간 42차시 수업을 진행하였고, GALT검사를 통해 교육의 사전⋅사후 효과를 비교⋅분석하였다. 분석해 본 결과, 본 연구에서 개발한 SW교육 프로그램이 초등학생의 논리성에 긍정적인 영향을 줄 수 있다는 것을 알 수 있었다.",1034.0,파이썬을 활용한 탐색 알고리즘 수행시간 분석이 초등학생의 논리성에 미치는 효과,2019.0
"학습자의 정보 활용 능력이 인지적 측면의 학습역량에 미치는 영향 학습 역량, 정보 활용 능력, 문제해결력, 자기주도학습력, 비판적 사고력 최근 3년간의 디지털교과서 효과성 분석 연구에 따르면 디지털교과서 연구학교에서 학습자의 정보 활용 능력은 디지털교과서 활용이 가장 큰 효과 요인으로 나타나고 있으며, 디지털교과서 활용을 위해서는 기본적으로 정보 활용 능력이 필요한 것으로 나타나고 있다. 이에 따라 본 논문에서는 디지털교과서 활용에 있어 정보 활용 능력이 실제적으로 어떤 효과를 나타내는지 알아보기 위하여 다양한 효인 요인들에게 미치는 영향을 분석하였다. 이를 위해 학습자의 정보 활용 능력 수준을 상, 중, 하로 구분하고 각 수준별로 문제해결력, 자기주도학습력, 비판적 사고력 등 인지적 측면 역량에 미치는 영향을 각각 분석하였다. 그 결과, 학습자의 정보 활용 능력은 문제해결력, 자기주도학습력, 비판적 사고력 등의 인지적 측면 역량과 밀접한 상관관계를 가지고 있으며, 인지적 측면 역량에 많은 영향을 주는 것으로 나타났다. 특히, 정보 활용 능력 수준이 ‘하’인 그룹에서 인지적 측면 역량에 가장 큰 영향을 미치는 것으로 나타났고 ‘상’의 그룹에서는 향상도에서 인지적 측면 역량에 가장 큰 영향을 주는 것으로 나타났다. 이에 따라 본 논문에서는 효과적인 디지털교과서 활용을 위해서는 다양한 방식의 정보 활용 교육이 필요함을 제시하였다.",1035.0,학습자의 정보 활용 능력이 인지적 측면의 학습역량에 미치는 영향,2019.0
"초등학생의 자기주도학습을 위한 LMS 활용방안 학습관리시스템, 자기주도학습, 학습동기, 학업성취도 최근에는 ICT기술을 학습에 도입한 학습관리시스템이 학생들의 자기주도 학습능력을 향상시키는데 도움을 주고 있다. 학습관리시스템을 활용한 자기주도 학습은 학습자원의 효율적인 활용과 의사소통 확산의 장점을 중심으로 학습자의 학습참여를 촉진시키고 흥미를 유발시켜준다. 본 연구에서는 학습관리시스템을 활용한 자기주도 학습이 초등학생의 학습동기와 학업성취취도에 미치는 영향에 대해 알아보았다. 학습자들은 제안한 학습관리시스템의 알고리즘을 통해 자신의 수준에 맞는 문제를 학습하므로 효과적인 학업 성취를 달성할 수 있을 것이다. 연구를 위하여 S초등학교 21명에 대한 제안한 학습관리시스템을 활용한 수업을 8주 동안 매주 2차시씩 총 16차시를 진행하였다. 연구결과로 실험에 참여한 학습자의 학습지향성과 흥미 영역에 유의미한 향상을 보였다.",1036.0,초등학생의 자기주도학습을 위한 LMS 활용방안,2019.0
"공학중심 Reading & Maker교육 프로그램 개발 동화, 읽기, 공학설계과정, 메이커교육, 레고 위두 제4차 산업혁명시대는 테크놀로지에 대한 기초소양을 바탕으로 창의적으로 문제를 해결할 수 있는 역량을 요구하고 있다. 이러한 역량은 SW교육 STEM융합교육과 연계된 메이커교육을 통해 신장시킬 수 있다. 한편 메이커교육에 앞서 선결되어져야 할 과제로는 테크놀로지 중심 접근보다는 교육방법적 접근이 필요하고 참여자의 흥미와 동기를 유발할 수 방안을 고려해야 한다는 것이다. 이러한 취지에서 본 연구는 예비교사를 대상으로 단순히 메이커 활동을 안내하기보다 흥미와 공감을 갖고 스스로 능동적인 메이커 활동에 참여할 수 있도록 공학중심 Reading & Maker 교육프로그램을 개발 및 적용하였다. 연구결과 프로그램 적용 후 메이커 인식조사 결과는 사전검사보다 통계상 유의미한 향상이 나타났다(p<.000).",1037.0,공학중심 Reading & Maker교육 프로그램 개발,2019.0
"게이미피케이션을 활용한 초등학생 블록체인기술 핵심원리 교육 탐구 초등 정보교육 과정, 게이미피케이션, 블록체인, 컴퓨팅 사고력, 내용체계 초등과정을 대상으로 수업의 내용을 게임과 관련지어 이어감으로서 학생의 흥미와 집중도를 끌어올릴 수 있는 게이미피케이션을 활용하여 블록체인의 원리를 학습할 수 있는 교육과정을 제안하였다. 제안된 방법은 블록체인을 게임 형식으로 교육하고, 일상생활에서 쉽게 접근할 수 있는 문제에 대해 블록체인을 적용한 해결법을 고민하게 함으로서 컴퓨팅 사고력을 강화하고, 2015년 개정 교육과정에서의 핵심역량인 지식정보처리역량, 의사소통역량, 공동체역량을 성장시킴으로서 자연스럽게 학생 스스로 교육 역량을 강화시킬 수 있다. 제안된 게이미피케이션을 활용한 블록체인 교육과정은 정보교육 과정의 개선에 활용할 수 있을 것으로 기대된다.",1038.0,게이미피케이션을 활용한 초등학생 블록체인기술 핵심원리 교육 탐구,2019.0
"초등학생의 데이터 수집, 분석, 표현 수업을 위한 세부역량 개발 및 적용 컴퓨팅 사고력, 데이터 수집, 데이터 분석, 데이터 표현, 초등 교육, 백워드 설계 2019년부터 소프트웨어 교육은 모든 초등학생들이 배워야 하는 필수과목이 되었다. 하지만 아직 어떤 식으로 수업을 진행해야 할지에 대해서는 많은 교사들이 낯설어하고 있다. 이에 이 논문에서는 소프트웨어 교육의 핵심이 되는 컴퓨팅 사고력 중 데이터 수집, 분석, 표현 수업에 도움이 되고자 각각의 의미, 세부역량과 성취기준을 제시하고 예시수업을 통해 적용 가능성을 제시하였다. 논문의 전체 과정을 요약하면 다음과 같다. 첫째, 기존의 연구들에서 데이터 관련 역량의 의미, 세부역량 및 성취기준에 관한 연구들을 정리하고 이것을 바탕으로 하여 예비조사를 진행하였다. 예비조사에서는 FGI와 폐쇄형 질문을 동시에 진행하였으며 이를 통하여 전문가들의 검토의견을 반영한 본 조사의 설문 문항을 작성하였다. 둘째, 위의 결과로 만들어진 설문문항을 컴퓨터교육 전공 박사, 박사과정, 소프트웨어교육 담당 교사 및 소프트웨어교육 종사자를 대상으로 하여 타당도, 안정도, 신뢰도를 검증받았다. 셋째, 그 결과 개발된 세부역량과 성취기준 중 ‘수집방법 선택-문제 상황에 따라 수집 방법을 선택할 수 있다’, ‘데이터의 의미 탐색-분석된 데이터들이 어떤 의미를 갖는지 안다.’, ‘다양한 표현방법 활용-다양한 표현 도구를 사용한다.’를 수업목표로 하여 다섯 차시의 수업을 개발하여 적용하였으며 이 때 교육, 수업, 평가의 일체화를 위해 백워드 2.0 설계모형을 활용하였다. 그 결과 최종적으로 데이터 수집, 분석, 표현의 세부역량과 성취기준을 제시하였다. 이는 초등학교에서 데이터 관련 수업을 계획함에 있어 어떠한 방향으로 수업을 하면 좋을 지에 대한 구체적이고 명확한 기준을 세울 때 도움이 될 수 있을 것이다.",1039.0,"초등학생의 데이터 수집, 분석, 표현 수업을 위한 세부역량 개발 및 적용",2019.0
"메이커 중심 교육 활성화를 위한 교원 연수 프로그램 효과 및 교사 요구사항 분석 메이커 중심 교육, 교원 연수 프로그램, 효과 측정, 교사 요구사항 분석 본 연구는 메이커 교육에 대한 교원 역량 강화 프로그램의 사례를 살펴봄으로써, 향후 메이커 중심 교육을 위한 교사 연수 프로그램 설계 및 실행에 대한 시사점을 도출하고 메이커 교육이 교육 현장에 정착하기 위한 방향을 탐색하는데 목적이 있다. 이를 위해 S구 교육지원청에서 제공한 메이커 교육 교원 연수 프로그램을 연구 문맥으로 설정하고, 5일간 구성된 교사 역량강화 연수 프로그램에서의 효과 분석과 연수 프로그램 후 교사들이 제안하는 메이커 중심 교육의 현장 정착 및 활성화를 요구사항을 도출하고자 양적 및 질적 연구를 수행하였다. 본 연구의 결과로부터 교육현장에서 혁신적인 교수 방법과 정책을 도입할 때 가장 중요한 역할을 담당하고 있는 교사들이 참여한 교원 연수 프로그램의 사례를 통해 교원 양성 프로그램 설계 방향과 메이커 중심 교육의 활성화를 위한 시사점을 도출하였다는 점에서 의의가 있다.",1040.0,메이커 중심 교육 활성화를 위한 교원 연수 프로그램 효과 및 교사 요구사항 분석,2019.0
"수행시간 중심의 파이썬 정렬 알고리즘 교육이 초등학생 논리적 사고력에 미치는 효과 파이썬, 알고리즘 수행시간, 정렬 알고리즘, SW교육, 논리적 사고력 본 연구는 초등학생의 논리적 사고력 신장을 위한 교육 방법으로 수행시간 중심의 파이썬 정렬 알고리즘 교육 프로그램을 개발하여 적용한 후 그 효과를 검증하였다. 교육 프로그램은 현직 초등학교 교사 100명을 대상으로 실시한 사전 요구 분석 결과를 바탕으로 하여 개발하였다. 개발한 교육 프로그램의 효과를 검증하기 위해 ○○대학교에서 실시한 초등학생 교육기부 프로그램의 지원자 표집에 의한 지원자 표본 25명을 대상으로 6일간 1일 7차시씩 42차시를 진행하였다. 한국교육개발원에서 개발한 ‘논리적 사고 검사(GALT)’를 활용하여 사전·사후 검사 결과를 통해 교육적 효과를 분석하였으며, 분석 결과 수행시간 중심의 파이썬 정렬 알고리즘교육이 초등학생의 논리적 사고력 향상에 효과적인 것으로 나타났다.",1041.0,수행시간 중심의 파이썬 정렬 알고리즘 교육이 초등학생 논리적 사고력에 미치는 효과,2019.0
"초등학교 소프트웨어교육의 교육과정 개선을 위한 내용체계 및 교과 편성의 설계에 대한 연구 소프트웨어교육, 독립 교과, 필수 교과, 내용체계 설계 본 연구에서는 우리나라의 컴퓨터교육의 국가적인 추진 경과를 분석하여 시기별 추진 주체와 주요 내용에 대한 분석을 실시하였다. 이를 토대로 2015개정교육과정을 통해 적용되고 있는 소프트웨어교육의 제한점과 차기교육과정 개정 논의에서 반영되어야할 시수와 내용체계를 비롯하여 교수학습내용의 위계를 구성하는 방안을 제시하고 있다. 우리나라의 경우 사실상 1995년부터 본격적인 컴퓨터교육이 추진되었다는 점에서 세계적으로 선도적으로 시행되었다고 할 수 있으며, 최근 개정된 교육과정을 기반으로 컴퓨터교육을 통한 미래인재를 양성하기 위한 노력을 통해 교육에서의 선도적인 역할을 수행하기 위한 노력을 경주하고 있다. 다만, 프로그래밍 교육을 통한 문제해결력 신장뿐만 아니라 컴퓨팅에 대한 소양능력을 강화하여 균형있는 컴퓨터교육의 역량이 강화될 수 있도록 추진되어야 하며, 이를 위한 충분한 시수가 확보되어야 할 것이다.",1042.0,초등학교 소프트웨어교육의 교육과정 개선을 위한 내용체계 및 교과 편성의 설계에 대한 연구,2019.0
"초등학생 진로교육을 위한 교육용 어플리케이션 개발 및 적용 진로교육, 교육용 어플리케이션, 초등학교 과거 사회는 직업이 단순하고 사회 변화 속도가 느리기 때문에 가정에서 부모님들이 진로 지도를 하고, 학교에서 진로 교육에 관한 전문적 교육과정, 지식이 없어도 진로 교육이 가능했다. 그러나 현대사회는 직업 자체가 복잡해지고 직업 안에서도 전문적 기능, 지식이 요구되고 있으며, 직업 세계에 변화가 이루어져 직업이 사라지기도 하며 존재하는 직업의 종류가 다양해지고 세분화되었다. 이러한 변화로 인해 일과 직업에 대한 가치관을 확립하는 것이 어렵게 되어 진로 교육이 매우 중요해주고 절실해졌다. 본 연구에서는 초등학교 학생들에게 재미있는 진로 교육 수업을 하기 위해 초등학교 5-6학년 군의 진로 교육 교육과정을 구현한 어플리케이션을 개발하고 수업의 효과를 검증한다. 본 논문에서는 초등학생용 직업 교육 앱을 개발하고 이를 활용한 직업교육 수업이 미치는 교육적 효과를 살펴본다. 직업교육 앱을 활용한 총 8차시의 수업을 서울의 한 초등학교에 적용했다. 그 결과, 수업에 참여한 학생들은 그들의 직업에 대해 더 잘 이해하게 되었고 또한 수업에 참여한 학생들의 수업에 대한 만족도는 매우 높게 나타났다.",1043.0,초등학생 진로교육을 위한 교육용 어플리케이션 개발 및 적용,2019.0
"2015 개정 교육과정에 따른 실과 교과서 ‘소프트웨어 교육’ 단원 분석 교과서 분석, 단원 분석, 소프트웨어 교육, 컴퓨팅 사고력, 프로그래밍 현대 사회는 소프트웨어가 국가 경쟁력을 결정하는 핵심 요소로 자리잡게 되었다. 이에 우리나라는 2015 개정 교육과정에 실과 교과에서 연간 17시간 이상 소프트웨어 교육을 필수화 하였다. 본 논문은 ‘2015 개정 교육과정’에 근거하여 출판된 6종의 초등학교 실과 교과서에 수록된 소프트웨어 관련 단원을 분석하여, 초등현장에서 소프트웨어 교육 관련 교과서 선정을 위한 기초자료를 제공하고자 하였다. 분석 결과, 2015 개정 교과서 6종은 ‘소프트웨어의 이해’, ‘절차적 문제해결’, ‘프로그래밍 요소와 구조’의 내용 요소 모두를 적절하게 반영하고 있었으며, 내용 요소에 따른 성취기준에 도달 할 수 있는 적절한 활동들을 잘 제시하고 있었다. 단원 보조 자료는 흥미유발이나 본문 보충, 심화 학습을 위해 만화나 삽화 등을 사용하고 있으며, 4종의 교과서에서는 읽기 자료 등을 제시하여 추가 정보를 제공하고 있다. 하지만 대부분의 교과서에서 부록을 활용한 학습 비중이 낮게 나타났다. 지식 이해와 실습 위주의 단원으로 구성되어 있기는 하지만, 생활 속 소프트웨어, 절차적 사고에 의한 문제 해결 내용 등을 붙임 딱지 등으로 제작하면 학생들의 흥미와 참여를 높이는 교과서가 될 수 있을 것이다.",1044.0,2015 개정 교육과정에 따른 실과 교과서 ‘소프트웨어 교육’ 단원 분석,2019.0
"예비 교사들의 소프트웨어 교육의 학습 요소 정의 및 효과 분석 소프트웨어 교육, 예비교사, 초등학생, 교수 학습 자료, 평가 자료 2015년 개정 교육과정에서 초등학교 5학년 또는 6학년에서 소프트웨어 교육을 17시간 필수적으로 실시하여야 한다. 따라서 초등 예비교사들이 소프트웨어 교육을 할 수 있어야 한다. 본 연구에서는 초등 예비교사들이 소프트웨어 교육을 할 수 있는 성취기준별로 학습 요소들을 정의한다. 학습 요소별로 예비교사들에게 수업을 실시하였다. 그 결과는 학습 요소별로 교수 학습 및 평가 자료를 만들 수 있었다. 또한 예비교사들이 이들 자료를 기반으로 초등학교에서 소프트웨어 교육을 지도 할 수 있는 능력이 향상되었다는 것을 알 수 있었다.",1045.0,예비 교사들의 소프트웨어 교육의 학습 요소 정의 및 효과 분석,2019.0
"우리나라와 중국 초등학교의 정보교육 교육과정과 지역 교과서 내용 비교 정보교육, 정보교육 교육과정, 정보교육 내용 2015 개정 교육과정에 따라 우리나라 초등학교 교육에서도 소프트웨어교육을 전면적으로 실시하면서 정보교육이 필수로 자리를 잡게 되었다. 그러나 우리나라 초등학교는 아직도 정보교육이 독립 교과로서 운영되지는 못하고 있다. 본 연구는 우리나라와 중국의 국가 수준의 정보교육 교육과정과 정보교육 교과서 내용을 조사한다. 본 연구를 통해 얻은 시사점은 우리나라 정보교육의 방향성 확립에 도움을 줄 수 있다.",1046.0,우리나라와 중국 초등학교의 정보교육 교육과정과 지역 교과서 내용 비교,2019.0
"초등과정 인공지능 학습 원리 이해를 위한 보드게임 기반 게이미피케이션 교육 실증 초등 교육, 게이미피케이션, 인공지능, 컴퓨팅 사고력, 보드 게임 게이미피케이션은 수업에 게임의 요소나 게임을 접목함으로서 학생의 흥미도를 향상시키고, 직접 참여할 수 있는 환경을 조성함으로서 보다 뛰어난 학업성취도 향상을 도우며, 이와 같은 게이미피케이션을 인공지능이라는 IT기술에 융합함으로서 초등 과정을 대상으로 핵심원리를 학습할 수 있는 교육과정을 제안한다. 제안된 교육과정은 인공지능의 학습방법에 대해 보드 게임형식으로 학습함으로서 초등 과정의 피학습자에 수준에 맞추어 원리를 이해할 수 있도록 돕는다. 이와 같은 게임의 요소를 접목한 학습방법은 피학습자에게 IT원리를 학습할 수 있도록 함으로서 다양한 관점에서 대상을 이해하는 능력을 키우고, 컴퓨팅 사고력을 강화한다. 제안된 게이미피케이션을 접목한 초등 인공지능 교육과정은 최근 2015 교육과정에서부터 크게 부각되고 있는 정보과학 교육과정의 발전에 이바지 할 수 있을 것으로 예상된다.",1047.0,초등과정 인공지능 학습 원리 이해를 위한 보드게임 기반 게이미피케이션 교육 실증,2019.0
"피지컬 컴퓨팅을 통한 CT역량 계발 연구: 코드블록® 활용 3D 프린팅 수업의 시사점 피지컬 컴퓨팅, 3D 프린팅, 3D 모델링, 예비교사 교육, 컴퓨팅 사고력, 소프트웨어 교육 컴퓨터 화면속에만 존재하는 결과물을 넘어서서 구체적인 사물을 만들고 그 과정에서 소프트웨어 프로그래밍 원리 및 실제를 경험할 수 있는 피지컬 컴퓨팅의 교육방법이 주목받고 있다. 본 논문은 초등예비교사들이 3D 프린팅 및 모델링을 경험하면서 이 과정에서 프로그래밍 원리를 이해할 수 있는 수업 방안을 모색하였다. 이를 위해 틴커캐드 코드블록®(Codeblocks) 프로그래밍 환경을 컴퓨팅 사고력 프레임워크에 기반하여 분석하고 이를 3D 프린팅 수업에 도입하였다. 본 수업을 예비교사들을 대상으로 적용하고 반구조화된 설문을 실시하여 예비교사들의 수업에 대한 반응 및 인식을 조사하였다. 본 연구는 예비교사교육 현장에서 코드블록을 3D 프린팅 수업에 도입하여 컴퓨팅 사고력과 연계하는 수업 사례로서 예비교사 소프트웨어교육에 시사점을 제공한다.",1048.0,피지컬 컴퓨팅을 통한 CT역량 계발 연구: 코드블록® 활용 3D 프린팅 수업의 시사점,2019.0
"초등학생의 스크래치 프로젝트 코드 분석을 통한 컴퓨팅 사고력의 평가 스크래치, Dr. Scratch, 컴퓨팅 사고력, SW교육, 코드분석 컴퓨팅 사고력을 향상시키기 위해 초등학교에서는 블록형 프로그래밍 언어인 스크래치를 활용한 기초 프로그래밍 교육을 하고 있으나 컴퓨팅 사고력에 대한 평가 연구는 초기 단계이다. 따라서 본 연구에서는 스크래치 프로젝트의 코드를 분석하는 방법을 활용하여 초등학생들의 컴퓨팅 사고력의 개념 수준을 평가하였다. 이를 위해 스크래치 코드 분석 자동화 도구인 Dr. Scratch를 활용하여 초등학교 6학년 학생들이 제작한 179개의 스크래치 프로젝트를 분석하였다. 연구결과 초등학생의 컴퓨팅 사고력의 개념수준은 개발자 수준이 많았고, 성별과 작품 유형에 따라 차이가 있었고, 논리와 추상화 요소에서 가장 낮은 수준을 보였으며, 프로그래밍 과정에서 컴퓨팅 사고력이 향상되는 것으로 나타났다. 본 연구는 초등학생의 프로그래밍 학습에서 교수방법의 개선과 자기주도적 컴퓨팅 사고력의 평가에 대한 시사점을 제공한다.",1049.0,초등학생의 스크래치 프로젝트 코드 분석을 통한 컴퓨팅 사고력의 평가,2019.0
"파이썬을 활용한 데이터 시각화 교육이 초등학교 6학년 학생의 컴퓨팅 사고력에 미치는 효과 데이터, 컴퓨팅사고력, 데이터 시각화, 파이썬 본 연구에서는 데이터 시각화 교육에 초점을 맞춘 파이썬 교육이 초등학교 6학년 학생들의 컴퓨팅 사고력 향상에 미치는 효과를 분석해보았다. 현직 초등교사 60명과 초등학교 6학년 학생 120명을 대상으로 실시한 요구분석 결과를 바탕으로, 데이터 시각화의 절차에 따라 파이썬 교육프로그램을 개발하였다. 개발한 교육프로그램으로 초등학교 6학년 학생 24명에게 총 6일 동안 36시간의 수업을 진행하여 사전·사후 비교 검사를 통해 효과를 분석하였다. 분석 결과, 데이터 시각화 교육에 초점을 맞춘 파이썬 교육은 초등학교 6학년 학생들의 ‘계산적 인지력’과 ‘유창성’, ‘정교성’, ‘독창성’에 유의미한 효과가 있는 것으로 나타났다.",1050.0,파이썬을 활용한 데이터 시각화 교육이 초등학교 6학년 학생의 컴퓨팅 사고력에 미치는 효과,2019.0
"프랑스의 소프트웨어 교육 체제 분석을 통한 시사점 고찰 프랑스, 컴퓨터교육, 디지털 플랜, 교수학습체제 1960년대부터 시작된 프랑스의 컴퓨터교육은 2018년이 되어 초중등을 아우르는 교육시스템이 완성되었다. 프랑스가 산업화된 이후 지금까지 약 60년을 미래사회를 대비하기 위한 핵심역량으로서의 컴퓨터교육에 대한 교수학습방법과 체제 구축에 대한 연구를 진행해왔으며 크게 네가지의 시사점을 살펴볼 수 있다. 첫째, 학교 급별 위계를 토대로 달성해야할 각각의 성취목표를 설정하였다. 둘째, 프랑스의 컴퓨터교육의 전격적인 도입 및 확산을 위하여 교육과정이 발표된지 3년만에 컴퓨터교육의 도입이 완성되었다. 셋째, 컴퓨터 소양과 컴퓨터과학의 개념에 대한 균형을 토대로 알고리즘을 프로그래밍 하는 과정을 통해 문제해결력을 신장시킬 수 있도록 제시하였다. 넷째, 컴퓨터교육의 융합에 대한 내용은 초등학교 저학년에서 다루도록 하고 학년 및 학교급이 높아질수록 컴퓨터소양 및 컴퓨터과학의 개념에 대한 이해와 프로그래밍의 심화가 이루어지도록 제시되어 있다.",1051.0,프랑스의 소프트웨어 교육 체제 분석을 통한 시사점 고찰,2019.0
"짝프로그래밍 협업도구를 활용한 SW교육프로그램 소프트웨어 교육, 짝프로그래밍, 컴퓨팅사고력, 협업 도구, 협력적 문제해결력 4차 산업혁명에 따라 빠르게 변화되는 사회에서 미래 인재는 지식의 양이 아닌 질적으로 수준 높은 지식을 활용하고 구성하는 능력이 요구되고 있다. 2015 개정 교육과정의 출범에 따라 역량 중심으로 교육과정이 개편되었으며 소프트웨어 교육에서는 ‘정보문화소양’, ‘컴퓨팅 사고력’, ‘협력적 문제 해결력’의 역량을 추구하고 있다. 본 연구에서는 미래인재의 역량인 협력적 문제해결력을 함양하기 위해서는 교육 현장에서 교사가 손쉽게 활용 가능한 협업도구와 이를 활용한 SW교육 프로그램을 개발한다. 이러한 협업도구를 활용한 SW교육프로그램은 프로그래밍 언어와 문법에 대한 지식, 프로그래밍 기법에 대해 배우는 것보다 짝프로그래밍을 통해 컴퓨팅 사고력과 협력적 문제해결력을 함양할 수 있다. 총 16차시로 구성된 수업에서 협업도구를 활용한 짝프로그래밍을 통해 수업이 참가한 학생들의 협력적 문제해결력과 코딩 이해도를 향상시킴을 보여준다.",1052.0,짝프로그래밍 협업도구를 활용한 SW교육프로그램,2019.0
"Kinect게임 활용 수업에서 학습자의 참여적 학습 경험에 대한 사례 연구 교육용 게임, 동작인식게임, 게임활용학습, Kinect 게임, 참여적 학습, 경쟁, 협동, 디지털 게임, 신체활동 최근 디지털 네이티브 학습자를 위한 교수방법인 게임 활용 학습에 대한 관심이 증가하고 있다. 이에 본 연구에서는 초등학교 역사수업에 맞춰 개발된 Kinect 게임 활용 수업을 실시한 후 성공적으로 학습에 참여한 것으로 관찰된 학생 14명을 대상으로 인터뷰를 실시하여 참여적 학습 경험을 분석하였다. 연구 결과 학생들은 경쟁과 협력 놀이 요소에서는 ‘목표 달성’과 ‘상호작용’을, 디지털 놀이 요소에서는 ‘다감각적 자극’, ‘환상과 호기심’, ‘정확한 피드백’, ‘우연’, ‘통제감’을, 신체활동 놀이 요소에서는 ‘체감된 인지’, ‘실재감’을 경험하면서 참여적 학습을 하는 것을 확인할 수 있었다. 이를 통해 Kinect 게임 활용 수업을 참여적 학습을 위한 교수학습방법으로 도입할 기초자료로서 도움을 주고자 한다.",1053.0,Kinect게임 활용 수업에서 학습자의 참여적 학습 경험에 대한 사례 연구,2019.0
"ARCS 모형을 적용한 컴퓨팅사고력 기반 코딩 프로젝트 개발 컴퓨팅사고력, 코딩프로젝트, ARCS 모형, 파이썬, 교수학습지도안 초등학생을 위한 소프트웨어교육에서 파이썬과 같은 텍스트 기반 프로그래밍언어를 사용해 코딩을 교육하려는 연구가 활발히 이루어지고 있다. 일반적으로 블록 기반의 프로그래밍언어에 비하여 이러한 고급언어는 피지컬 컴퓨팅용 키트 또는 다양한 프로그래밍언어와 결합해 수행하는 학습 활동을 지원하고 있다. 본 연구는 텍스트 기반 언어의 어려움을 극복하기 위해 ARCS 모형을 적용한 컴퓨팅사고력 기반의 코딩 프로젝트를 수행하였다. 실험 결과에서 학생들은 전반적으로 동기유발 측면에서 프로그래밍에 대한 자신감 및 흥미를 나타나고 있으며, 특히 컴퓨팅사고력의 변화에서 반복, 함수, 객체에 대한 이해가 높게 나타났는데, 이러한 경향은 텍스트 기반 언어 사용과 파이썬 모듈의 효과로 여겨진다.",1054.0,ARCS 모형을 적용한 컴퓨팅사고력 기반 코딩 프로젝트 개발,2019.0
"컴퓨팅 사고력 기반 초등예비교사의 수감각 능력 향상 방안 컴퓨팅 사고력, 컴퓨팅 사고력 요소, 초등예비교사, 수감각, 수감각 기반 전략 본 연구의 목적은 수감각이 요구되는 문제 해결과정에서 초등예비교사들이 선호하는 전략을 분석한 후, 컴퓨팅 사고력에 기반하여 수감각 능력을 향상시키는 방안을 연구함에 있다. 두 가지 다른 수감각 요소로 구성된 검사지를 이용하여 57명의 초등예비교사들이 선호하는 전략을 분석한 결과, 그들은 수감각 기반 전략보다 규칙기반 전략을 더 선호하였으며, 이러한 결과는 선행연구[13][14][20]과 일치하였다. 이러한 상황을 개선하기 위해, 분석된 결과와 CSTA와 ISTE(2011)의 9가지 컴퓨팅 사고력 요소를 활용하여 수감각 능력을 향상시킬 수 있는 방법을 제시한다.",1055.0,컴퓨팅 사고력 기반 초등예비교사의 수감각 능력 향상 방안,2019.0
"대학생의 전공계열을 고려한 세분화된 기초SW교육 방향 탐색 SW기초교육, 컴퓨터 교양교육, 전공 계열, 설문조사 대학에서의 컴퓨터교육은 과거 ICT 활용 중심의 교육에서 최근에는 컴퓨팅적사고 및 프로그래밍 등의 소프트웨어 교육으로 그 내용이 확장되고 전문화되고 있다. 특히 4차 산업혁명이 사회 전 분야에 강조되면서 그 핵심인 소프트웨어 교육이 대학에서 필수적 교양수업으로 도입되는 추세이다. 전교생을 대상으로 하는 기초SW교육을 실시하는 경우 학생들의 전공계열의 특성이 다르기 때문에 그에 적합한 세분화된 교육을 제공할 필요가 있다. 본 연구에서는 서울소재 A대학에서 교양필수 기초SW과목을 운영하고, 약 3년간 수강생 4,927명으로부터 얻은 설문데이터를 분석하여 전공계열을 세분화하고 각 세분화된 그룹에 적합한 교육방식을 탐색하였다. 분석을 통하여 경상계열, 예체능계열, 자유전공 등의 특징있는 그룹들을 발견할 수 있었다. 최종적으로 6개의 세분화된 기초SW교육을 위한 그룹을 제시하였으며, 각 그룹별로 교육에 적합한 프로그래밍 언어 및 난이도 설정 등의 교육방향을 제시하였다.",1056.0,대학생의 전공계열을 고려한 세분화된 기초SW교육 방향 탐색,2019.0
"플립드 러닝 기반 소프트웨어 교육에서 초등학생의 흥미도와 컴퓨팅 사고력에 영향을 미치는 요인에 관한 질적 연구 플립드 러닝, 소프트웨어 교육, 학습 흥미도, 컴퓨팅 사고력, 질적연구 본 연구의 목적은 플립드 러닝 기반 소프트웨어 교육이 초등학생의 흥미도와 컴퓨팅 사고력에 미치는 영향 요인을 찾아 효과적인 교수학습 전략을 제안하는 것이다. 이를 위해 초등학교 학생들을 대상으로 플립드 러닝 기반 소프트웨어 교육프로그램을 개발하여 수업에 적용하고, 학습과정에서 발생한 산출물과 관찰 및 인터뷰 자료를 바탕으로 질적 연구를 수행하였다. 연구 결과, 초등학생의 플립드 러닝 기반 소프트웨어 교육에서 흥미도에 영향을 미치는 요인은 ‘수업에 대한 기대’, ‘실제적 과제’, ‘과제에 대한 성취’, ‘동료와의 상호작용’으로 나타났다. 컴퓨팅 사고력을 높이는 요인으로는 주어진 수업시간 안에서의 ‘과제 완료로 인한 성취감’, ‘유의미한 동료와의 상호작용’, ‘교사의 핵심적인 피드백’으로 나타났다. 이러한 요인을 바탕으로 소프트웨어 교육에서 흥미를 높이고 컴퓨팅 사고력을 증진시키기 위하여 수업단계별로 적용할 수 있는 교수학습 전략을 제안하였다.",1057.0,플립드 러닝 기반 소프트웨어 교육에서 초등학생의 흥미도와 컴퓨팅 사고력에 영향을 미치는 요인에 관한 질적 연구,2019.0
"초등학교 저학년을 위한 교육용 프로그래밍 언어 스크래치주니어와 비스킷 사용성 분석 초등교육, 교육용 프로그래밍 언어, 프로그래밍교육, 스크래치주니어, Viscuit 2015개정 교육과정에 의해 2019년부터 초등학교 5, 6학년을 대상으로 실과과목에서 정보교육이 진행되고 있지만, 국외에서는 초등학교 저학년부터 정보교육을 시행하는 경우가 많다. 이에 본 연구는 초등학교 저학년의 특성을 고려한 프로그래밍 언어의 선택 방향성을 제시하기 위한 목적이 있다. 목적 달성을 위해 저학년의 발달특징과 교육용 프로그래밍 언어의 필요요소를 고려하여 평가 준거를 개발하였다. 준거에 근거하여 두 언어의 사용성을 분석한 결과는 다음과 같다. 첫째, 비스킷은 학령이 낮은 학생의 표현력 고려, 프로그래밍의 개념에 대한 학습 없이 알고리즘 익히기 등에 활용할 수 있으며, 둘째, 스크래치 주니어는 알고리즘이나 프로그래밍에 대한 개념 학습에 용이한 것으로 나타났다. 본 연구는 향후, 초등학교 저학년 대상의 프로그래밍 교육을 대비하여 학생들의 발달 상태를 고려한 시사점을 제시했다는데 의의가 있다.",1058.0,초등학교 저학년을 위한 교육용 프로그래밍 언어 스크래치주니어와 비스킷 사용성 분석,2019.0
"구글 스프레드시트를 활용한 데이터 시각화 교육이 초등학교 4·5학년 학생의 창의성 향상에 미치는 효과 데이터 시각화, 창의성, 구글 스프레드시트 본 연구에서는 데이터 시각화에 초점을 맞춘 구글 스프레드시트 교육 프로그램을 개발하여 초등학교 4·5학년 학생을 대상으로 적용한 후 그 효과를 검증하였다. 개발한 교육프로그램으로 초등학교 4·5학년 학생 29명에게 총 6일 동안 36시간의 수업을 진행하였다. 교육 프로그램의 적용 결과 창의성에 미치는 효과에 대한 검증을 위하여 Torrance의 TTCT(Torrance Tests of Creative Thinking) 검사지 도형 A, B형을 투입하여 사전·사후 검사를 실시하였다. 검증 결과 데이터 시각화 교육에 초점을 맞춘 구글 스프레드시트 교육 프로그램은 초등학교 4·5학년 학생들의 창의력 요소들에 긍정적인 영향을 미친다는 것을 알 수 있었다.",1059.0,구글 스프레드시트를 활용한 데이터 시각화 교육이 초등학교 4·5학년 학생의 창의성 향상에 미치는 효과,2019.0
"언플러그드 방식을 활용한 데이터 시각화 교육이 초등학교 3학년 학생의 컴퓨팅 사고력에 미치는 효과 데이터 시각화, 컴퓨팅사고력, 언플러그드 본 연구에서는 데이터 시각화 교육에 초점을 맞춘 언플러그드 교육 방식을 초등학교 3학년 학생들에게 적용하여 컴퓨팅 사고력 향상에 미치는 효과를 분석해 보았다. 현직 초등교사 60명과 초등학교 3학년 학생 124명을 대상으로 실시한 요구분석 결과를 바탕으로, 데이터 시각화의 절차에 따른 언플러그드 교육 프로그램을 개발하였다. 개발한 교육 프로그램을 초등학교 3학년 학생 24명에게 총 6일 동안 36시간의 수업을 진행하였다. 컴퓨팅 사고력 증진을 살펴보기 위해 계산적 인지력 검사지와 창의성 검사지로 실시한 사전·사후 비교 검사를 통해 적용한 프로그램의 효과를 분석하였다. 분석결과 데이터 시각화 교육에 초점을 맞춘 언플러그드 교육 방식은 초등학교 3학년 학생들의 ‘계산적 인지력’과 창의성에 유의미한 효과가 있는 것으로 확인되었다.",1060.0,언플러그드 방식을 활용한 데이터 시각화 교육이 초등학교 3학년 학생의 컴퓨팅 사고력에 미치는 효과,2019.0
"컴퓨팅 사고력 신장을 위한 퍼즐 기반 컴퓨터과학 교육 프로그램의 효과 예측 베이지안 추론, 컴퓨팅 사고, CT-LC, 퍼즐 기반 학습 본 연구의 선행 연구에서는 1∼3차에 걸쳐 초등학생의 컴퓨팅 사고력 신장을 위한 퍼즐 기반 컴퓨터과학 교육 프로그램을 개발하여 현장에 투입하며 교육 효과를 CT창의성과 CT인지력으로 나눠 검증하고 교육 프로그램을 개선해왔다. 본 연구에서는 이러한 선행 연구 결과를 바탕으로 연령과 CT사고력 하위 요소를 매개 변수로 사용하여 계층적 베이지안 추론 모델링을 실시하였다. 그리고 그 결과를 바탕으로 중·고등학교에서 퍼즐 기반 컴퓨터과학 교육 프로그램의 효과를 예측하고 향후 투입할 중·고등학교의 퍼즐 기반 컴퓨터과학 교육 프로그램의 주요 개선 항목과 개선 방향을 제안하였다.",1061.0,컴퓨팅 사고력 신장을 위한 퍼즐 기반 컴퓨터과학 교육 프로그램의 효과 예측,2019.0
"음성 인식 테크놀로지 기반의 외국어 말하기 훈련 시스템 개발 음성 인식 기술, 외국어 교육, 말하기 능력 글로벌 사회로 발전함에 따라 외국어를 능숙하게 말하고 싶어하는 사람들이 많아지고 있다. 능숙하게 말하기 위해서는 말하는 훈련을 충분히 가져야 하는데 이때 대화 상대방을 필요로 한다. 최근에는 음성 인식 정보 기술의 발달로 인하여 대화 상대방의 인간이 없어도 외국어 말하기 훈련을 수행하는 시스템 개발이 가능할 것으로 기대되고 있다. 이에 본 연구에서는 외국어 말하기 훈련 교육을 위한 테스트베드 시스템을 개발하고 초등학교 수업에 적용하였다. 초등학생에게 영어 대화 상황을 제시하고 말하기 훈련을 실시하도록 하였다. 그 후, 시스템에 대한 만족도와 지속적인 활용 가능성을 조사하였다. 본 연구에서 개발한 시스템을 이용하면 외국어 말하기 학습 훈련에 도움이 된다는 점을 확인하였다.",1062.0,음성 인식 테크놀로지 기반의 외국어 말하기 훈련 시스템 개발,2019.0
"온라인 교육에서 성실한 학습 태도가 학업 성취도에 미치는 영향 분석 학습 태도, 학업 성취도, 성실성, 온라인 교육, 학습시간 방송고 학습자의 배경 변인별 학습 현황과 학습 태도에 따라 형성평가 결과가 차이가 있는지를 탐색하고자 2018년 1학기동안 방송고 사이버교육시스템을 통해 영어, 수학, 통합사회, 통합과학을 학습한 1학년 2,965명의 로그데이터를 분석하였다. 학습자의 성별, 연령, 소속 학교의 지역에 따라 학습 현황을 살펴보았으며 차시당 학습 횟수, 진도율, 학습 기간, 학습 시작 월, 차시별 형성평가 성적 등을 분석하였다. 또한 학습 성실도를 파악하기 위해 차시별 학습 빈도를 포함하여 왜도와 첨도를 구하여 성실한 학습 태도가 학업 성취에 미치는 영향을 검증하였다. 그 결과, 차시당 평균 학습 횟수, 학습 기간, 진도율, 성적 등 거의 모든 분야에서 여성이 남성보다 높게 나타났고 연령별로는 대체로 나이가 많은 수록 높게 나타났다. 지역별로는 서울 지역이 다른 지역보다 높게 나타났다. 방송고 학습자들의 평균 학습 기간은 2~3개월인 것으로 나타났고 학습 기간이 길수록 형성평가 성적도 높은 것으로 나타났다. 마지막으로 특정 시기에 집중하여 학습하는 학습자보다 학습 횟수가 짧더라도 꾸준히 학습하는 학습자들의 형성평가 점수가 높은 것으로 나타났다.",1063.0,온라인 교육에서 성실한 학습 태도가 학업 성취도에 미치는 영향 분석,2019.0
"3D프린터를 활용한 융합교육이 초등학생의 컴퓨팅 사고력에 미치는 영향 3D 프린터, 틴커캐드, 융합 교육, 컴퓨팅 사고력, 초등 소프트웨어 교육 새로운 2015 개정 교육과정이 추구하고 있는 목적 중의 하나는 4차 산업혁명 시대에 살아갈 학생들이 기본 학습 능력의 바탕 위에 다양한 발상과 도전으로 새로운 것을 창출하는 창의성을 기르는 것이다. 이에 따라 주어진 문제들을 합리적으로 해결하기 위하여 다양한 영역의 지식과 정보를 처리하고 활용할 수 있는 융합적 문제해결 역량이 중요시되고 있다. 이에 본 연구에서는 틴커캐드(Tinkercad) 모델링을 기반으로 하여 3D프린터를 활용한 융합교육을 설계하고 이를 수업에 적용하여 초등학생의 컴퓨팅 사고력 증진에 미치는 영향을 알아보았다. 연구 내용을 검증하기 위해 초등학교 6학년 25명 2개 반을 실험집단과 통제집단으로 나누고 실험집단에는 약 3개월간 3D프린터를 활용한 융합교육 프로그램 12차시를 적용하고, 통제집단에는 같은 시기 동안 동일 주제의 강의식 교과 수업을 진행하였다. 그 후에 컴퓨팅 사고력 검사 도구를 투입하여 사전-사후 검사로 t-검정을 실시하고 그 효과성을 알아보았다. 프로그램 적용 후 사후 검사에서 실험집단은 컴퓨팅 사고력이 통계적으로 유의하게 향상 되었으나, 통제집단은 통계적으로 유의한 차이가 없었다. 이 결과를 통해 틴커캐드 모델링 기반의 3D프린터를 활용한 융합교육이 초등학생의 컴퓨팅 사고력 증진에 긍정적인 영향을 미치는 것으로 보인다.",1064.0,3D프린터를 활용한 융합교육이 초등학생의 컴퓨팅 사고력에 미치는 영향,2019.0
"지능형 태양광 전력 관리 시스템 (아두이노 저전력 제어를 중심으로) 아두이노, 라즈베리 파이, 태양광 전력, DSLR, 융복합 솔루션, 전력 차단 융복합 응용의 일반화로 라즈베리파이나 아두이노 임베디드형 제어 보드의 활용이 늘고 있다. 이러한 제어장치 설치는 상시 전력이 부재한 상황에서도 운영되어야 하는 경우가 많다. 이러한 경우에 흔히 태양광을 이용하기 때문에 충분한 전력 확보가 쉽지 않다. 본 논문에서는 이러한 저전력 환경 하에서도 작동할 수 있는 효과적인 제어 체계를 제안하고자 한다. 본 논문에서 구성한 실험 기기는 일정한 주기별로 DSLR 카메라 촬영하는 장치이다. 장치의 제어 모듈은 라즈베리파이와 아두이노 보드를 결합한 복합물이며, 아두이노 보드가 정해진 주기별로 라즈베리파이 보드를 동작시키도록 구성하였다. 본 논문에서는 이러한 전력 제어를 위한 프로그램을 개발하였고 이 펌웨어에 의하여 라즈베리파이의 전력 소모를 일자별, 시간별로 측정하여 전체 시스템의 효율성을 검증하였다. 아두이노 보드는 정한 간격마다 라즈베리파이에 전력을 공급하여 카메라에 슈팅 신호를 전송하도록 하였다. 실험결과, 10일간의 실험 기간 동안 일정하고 안정적인 전력 소모가 측정되었다. 결국 아두이노를 결합하여 절전하는 경우 라즈베리의 소비전력량을 약 81% 절감한 것으로 조사되었다.",1065.0,지능형 태양광 전력 관리 시스템 (아두이노 저전력 제어를 중심으로),2019.0
"미래지향적 인재양성 정책에 대한 초등예비교사의 인식과 준비도 미래지향적 인재양성, 정책, 초등예비교사, 인식, 지도 준비도 미래 사회를 대비하여 인재를 양성하고자 하는 다양한 정책들이 시행되어 왔다. 그 정책들 중에서 STEAM교육, SMART교육과 SW교육이 대표적인 사례가 된다. 이 정책들이 학교 현장에서 효과적으로 실행되기 위해서는 교사들의 긍정적인 인식과 지도 역량이 요구된다. 본 연구는 특히 예비교사 교육의 중요성을 고려하여 STEAM교육, SMART교육과 SW교육 정책에 대한 초등예비교사의 인식과 지도 준비도 현황을 분석하고, 예비교사 교육에 반영할 수 있는 시사점들을 모색하고자 하였다. 연구 결과, 예비교사들의 각 정책에 대한 필요성 인식 수준은 매우 높았으며, 각 정책에 대한 이해 수준은 비교적 높은 편인 것으로 나타났다. 이와 비교할 때, 예비교사들이 각 정책과 관련하여 교육을 받은 경험은 부족하며, 지도 준비 수준은 매우 낮은 것으로 밝혀졌다. 우선적으로 해결해야 할 과제로는 교사 교육 세미나 운영과 교수-학습 프로그램 및 자료 보급에 대한 선택이 가장 많았다. 예비교사의 개별 특성에 따른 차이를 분석한 결과, 예비교사의 ICT 활용 능력 수준에 따른 차이들이 발견되었다. 이와 같은 연구 결과에 기초하여 예비교사 양성 과정에서 반영해야 할 시사점들을 제시하였다.",1066.0,미래지향적 인재양성 정책에 대한 초등예비교사의 인식과 준비도,2019.0
"창의적 문제해결력 신장을 위한 언플러그드 활동 중심 로봇 개발 및 적용 초등학교, 소프트웨어 교육, 언플러그드 활동, 창의적 문제해결력, 로봇의 개발 및 활용 2015 개정 교육과정이 도입됨에 따라 초등학교에서도 소프트웨어 교육이 의무화되었다. 실과 교과의 한 단원으로 구성되는 소프트웨어 교육의 내용은, 정보 윤리, 알고리즘과 프로그래밍, 컴퓨터과학의 원리로 이루어져 있는데 교수·학습 방법으로 놀이 중심의 언플러그드 활동을 권장하고 있다. 하지만 현장 교사들은 적합한 언플러그드 활동 자료의 부재를 가장 큰 어려움으로 생각하고 있었으며, 기존 자료가 성취기준 달성에 적합하지 않다는 점, 단순한 놀이 교육이 많아 컴퓨팅 활동과 연계되지 않는 점 등을 해결해야 할 문제로 지적하였다. 이에 본 연구에서는 초등 소프트웨어 교육의 성취기준으로 제시된 기본 제어구조는 물론 센서를 활용한 다양한 활동을 통해 창의적 문제해결력을 키울 수 있는 언플러그드 활동 중심의 로봇을 개발하였고 이를 활용한 소프트웨어 수업을 통해 효과성을 검증하였다.",1067.0,창의적 문제해결력 신장을 위한 언플러그드 활동 중심 로봇 개발 및 적용,2019.0
"대학 소프트웨어 기초교육 효과성 모형 탐색 소프트웨어 교육, 교육 효과성, 컴퓨팅 사고, 소프트웨어 문해 최근 전공과 상관없이 모든 학생들에게 소프트웨어(SW)를 기초교육으로 의무적으로 수강하도록 하는 대학이 늘고 있다. 교육의 제공자와 수요자 간의 원활한 의사소통을 촉진하고, 전교생을 대상으로 하는 교육의 책무성을 확인하기 위하여 SW 교육 효과성 모형을 개발할 필요가 있다. 이를 위해 본 논문은 선행 연구를 기초로 SW 기초교육의 목표와 내용을 검토하고 효과성 모형의 영역으로 컴퓨팅 사고력, SW 문해력, SW 인식, SW 태도를 제시하였다. 컴퓨팅 사고력은 일반적인 문제해결과정과 비교하여 문제의 분석과 설계에 초점을 맞춘 분해, 패턴 인식, 추상화, 알고리즘으로 구성되었다. SW 문해력은 디지털 시대에 정보 읽기와 활용을 넘어서 SW를 바탕으로 한 사회발전을 조망하는 것을 포함한다. SW 인식과 태도는 전공이 정해진 대학생의 상황과 수준을 고려하여 구성하였다. SW 교육 효과성 모형은 추후 진단도구 개발을 위한 기초자료로 활용될 수 있을 것이다.",1068.0,대학 소프트웨어 기초교육 효과성 모형 탐색,2019.0
"컴퓨팅사고 프레임워크 기반 초등 소프트웨어교육 경험 분석 초등교육, 소프트웨어교육, 컴퓨팅사고력, 경험, 교육용 프로그래밍 언어 본 연구에서는 초등학생의 소프트웨어교육 경험을 Brennan과 Resnick(2012)이 제안한 컴퓨팅사고 프레임워크를 토대로 개념, 수행, 관점 측면에서 체계적으로 분석하고자 하였다. 이를 위하여 서울시 소재 A 초등학교 5학년 전체 학생을 대상으로 1학기 동안 스크래치를 활용한 소프트웨어교육을 실시하고, 소프트웨어교육 경험에 대한 인터뷰를 실시하였다. 인터뷰에는 총 27명의 학생이 자발적으로 참여하였으며, 그 내용을 분석한 결과는 다음과 같다. 첫째, 초등 소프트웨어교육에서 학습자들은 직접 스크래치 프로젝트를 수행하며 컴퓨팅사고를 위한 기본적인 개념을 학습하는 것을 확인할 수 있었다. 둘째, 초등 소프트웨어교육에서 학습자들은 스크래치 프로젝트를 구현하는 과정에서 컴퓨팅사고의 실행이 일어나는 것을 확인할 수 있었다. 셋째, 초등 소프트웨어교육에서 스크래치 프로젝트를 통해 학습자들의 컴퓨팅사고 관점에서 창의적인 표현성과 상호작용적인 연결성의 변화가 있었음을 확인할 수 있었다. 본 연구의 결과는 초등학생의 소프트웨어교육 경험을 질적으로 분석하고 이를 통해 컴퓨팅사고력 증진을 위한 소프트웨어교육 방향을 제시하였다는 점에서 의의가 있다.",1069.0,컴퓨팅사고 프레임워크 기반 초등 소프트웨어교육 경험 분석,2019.0
"SW교육에 대한 대학 비전공자의 인식과 경험 탐색: CQR을 중심으로 비전공자, 인식, 경험, 소프트웨어 교육, 대학 SW교육 본 연구는 비전공자 대상의 대학 SW교육에서 학습자들의 인식과 경험을 탐색하는데 목적이 있다. 이를 위해 D대학에서 SW교육에 참여하고 있는 비전공자 학생 36명의 성찰일지를 합의적 질적연구방법(CQR)에 의거하여 분석하였다. 분석결과, SW교육에 대한 비전공자 학생들의 인식과 경험에 대한 응답에서 연구에 참여한 모든 학생들에게 공통적으로 나타나는 일반적 범주나 50% 이상의 학습자에게 나타나는 전형적인 범주는 나타나지 않았다. 그러나 다양한 변동적인 범주를 핵심개념으로 도출할 수 있었다. SW교육에 대한 비전공자 학생들의 경험과 인식은 각각 57개와 7개의 변동적 개념이 도출되었다. 이러한 연구 결과를 바탕으로 대학 비전공자 학생들의 SW교육에서의 경험은 생소함으로 인한 어려움을 느끼고 있다는 것과 학습활동을 통해 SW과의 관련성과 유용성을 인식한다는 특성을 발견할 수 있었다. 또한, SW교육에서 비전공자 학생들의 인식의 경우 초보자의 수준을 고려한 맞춤형 교육에 대해 긍정적인 평가를 한다는 특성을 가지고 있었다. 그러므로 비전공자 대상의 SW교육의 방법은 세심한 수업 운영전략과 상호작용 설계가 필요하다. 본 연구는 보다 효과적인 비전공자 대상의 대학 소프트웨어 교육을 위한 교수학습전략을 위한 시사점들을 제공하였다는 점에서 의의가 있다.",1070.0,SW교육에 대한 대학 비전공자의 인식과 경험 탐색: CQR을 중심으로,2019.0
"초등학교 소프트웨어 교육 내용 선정의 준거 고찰 컴퓨터과학교육, 소프트웨어 교육과정, 교육 내용 선정, 오우크쇼트 본 논문은 소프트웨어 교육의 추진 현황과 2015개정 교육과정에서의 내용을 비판적으로 고찰하고 내용 선정을 위한 준거를 탐색하였다. 이를 위하여 일반적인 교육과정 구성의 교육 내용 선정 원리를 검토하였으며 교육 철학적 관점에서 소프트웨어 교육의 내용 선정 준거를 탐구하였다. 특히 오우크쇼트의 ‘실제적 지식’을 소프트웨어 교육 내용 선정의 철학적 근거로 검토하였다. 소프트웨어 교육의 내용을 지식과 활동으로 구분하기보다 실제적 경험으로 구성하여야 한다는 점을 강조하였다. 이와 같은 논의를 바탕으로 소프트웨어 교육을 위한 내용 선정의 준거로써 다섯 가지를 제안하였다. 첫째, 교육과정의 목적과의 일관성, 둘째, 학습자의 수준 반영, 셋째, 창의적인 지식의 생성과 창출, 넷째, 미래의 사회·문화적 요구 반영, 다섯째, 디지털 민주시민으로 성장 등이다.",1071.0,초등학교 소프트웨어 교육 내용 선정의 준거 고찰,2019.0
"대학원 인공지능교육의 방향탐색: IPA를 활용하여 인공지능(AI), 대학원교육, IPA 인공지능에 대한 관심이 높아짐에 따라 각 대학에서는 인공지능을 전공으로 하는 특수대학원을 설립하고 있으며, 최근에는 정부에서도 인공지능교육에 대한 다양한 지원정책을 수립하고 있다. 그러나 각 대학은 인공지능이라는 최신분야를 전공으로 대학원교육을 진행하는 것에 대한 경험이 부족하고 전문가를 찾기도 쉽지 않아 여러 가지 어려움을 겪고 있다. 이에 이 연구에서는 인공지능을 전공으로 하는 대학원 석사과정 학생들의 반응을 IPA기법을 활용하여 분석하고, 대학원 인공지능전공의 교육방향을 탐색하였다. IPA로 조사한 40개의 항목 중, 인공지능 교육과정의 체계성, 학습수준을 고려한 수업진행, 지도교수와의 학문적 관계개선 등 12개 항목은 우선적으로 개선되어야 하는 항목으로 추출되었다. 이에 비해 조교의 역량, 동료와의 관계 등 8개 항목은 과잉으로 투입되고 있는 부분으로 나타났고, 교수자의 강의역량, 교육내용의 적절성, 학습자의 인공지능 기술, 지식, 태도의 습득 등 12개 항목은 중요도와 실행도가 모두 높은 잘 유지해야 하는 항목으로 나타났다. 이 외에 융복합 교육과정, 교육방법의 다양성 등 8개 항목은 우선순위가 낮은 항목으로 나타났다. 분석결과를 종합하여 대학원 인공지능교육의 방향을 제시하였다. 대학원 인공지능교육은 교육목표에 따라 두개의 트랙(기술특화, 융합확장)으로 구분하여 운영하고, 각 트랙은 학생수준에 적합한 수준별 교육내용과 방법으로 진행되어야 한다. 그리고 대학원 인공지능교육은 전문적인 인공지능지식, 기술, 태도 습득을 위한 정교하고 체계적인 교육과정으로 운영되어야 하고, 학문적 전문성이 있는 우수한 교수진을 중심으로 학생들의 개별화지도 체계를 구성해야 함을 제안하였다.",1072.0,대학원 인공지능교육의 방향탐색: IPA를 활용하여,2019.0
"블록 기반 프로그래밍을 활용한 묘사적 글쓰기가 컴퓨팅사고력과 글쓰기 능력에 미치는 영향 묘사적 글쓰기, 소프트웨어 교육, 엔트리, 컴퓨팅사고력, 학습자 역량 본 연구에서는 블록 프로그래밍 언어인 엔트리를 활용하여 묘사적 글쓰기 활동을 교육대학교 1학년 학생을 대상으로 약 1개월 간 강의를 진행하고, 학생들의 글쓰기 인식과 태도, 묘사하기 능력, 컴퓨팅사고력, 학습자 역량 등 교육적 효과가 어떠한지를 분석하였다. 그 결과, 엔트리를 활용한 묘사적 글쓰기 활동이 학생들의 쓰기 인식과 태도 변화에는 영향을 미치지 못하였지만, 묘사적 글쓰기 방법을 구체적으로 알게 되었고, 묘사 대상을 시선에 따라 묘사하는 능력이 향상된 것으로 나타났으며, 컴퓨팅사고력과 비판적 사고력이 향상된 것으로 나타났다. 이러한 연구 결과를 토대로 향후 프로그래밍 언어를 활용한 다양한 글쓰기 교육과 그에 따른 연구가 지속될 수 있기를 기대한다.",1073.0,블록 기반 프로그래밍을 활용한 묘사적 글쓰기가 컴퓨팅사고력과 글쓰기 능력에 미치는 영향,2019.0
"CS와 CS Unplugged의 비교연구 컴퓨터과학, CS 언플러그드, 소프트웨어교육 소프트웨어 교육에 대한 관심이 늘어감에 따라 컴퓨터과학에 대한 관심도 높아지고 있다. 컴퓨터과학은 컴퓨터와 컴퓨터시스템의 이론과 원리를 학습하는 학문으로서 이러한 컴퓨터과학의 지식과 개념은 소프트웨어 교육의 근본이라고 할 수 있다. 최근에 컴퓨터를 사용하지 않고 컴퓨터 과학의 핵심 내용을 전달하는 방법으로 컴퓨터과학 언플러그드라는 학습 방법이 전 세계적으로 수업에 많이 활용되고 있다. CS 언플러그드는 다양한 놀이 활동을 중심으로 컴퓨터과학의 원리를 배우도록 하는 학습 방법이다. 그러나 문제는 이러한 CS 언플러그드 활동이 실제 컴퓨터과학에서 배우는 핵심교과와 얼마나 연관성이 있는지에 대한 분석 없이 단순한 놀이 수업으로만 이루어지는 것이다. 따라서 본 연구에서는 컴퓨터과학의 핵심 내용과 CS 언플러그드의 다양한 활동에 들어있는 컴퓨터과학 핵심 내용을 분석하여 비교 연구를 하고자 한다.",1074.0,CS와 CS Unplugged의 비교연구,2019.0
"Computational Thinking 기반의 인공지능교육 프레임워크 및 인지적학습환경 설계 인공지능교육, 컴퓨팅사고력, 컴퓨터교육, 인지적학습환경, 프레임워크 본 연구에서는 Computational Thinking기반의 인공지능교육을 위한 프레임워크와 인지적 학습환경 구성의 절차를 구현하고자 하였으며, 추후 인공지능교육을 위한 교육과정 설계의 이론적 근거를 제시하고자 하였다. 연구의 결과를 토대로 데이터수집 및 발견의 단계에서 추상화 과정을 통해 알고리즘과 문제해결의 모형을 선택하는 학습모형을 제시하였고 이를 자동화하여 평가하는 단계를 기반으로 문제해결 및 예측하는 과정을 수행함으로써 인공지능을 활용한 문제해결력을 기를 수 있는 Computational Thinking 기반 AI의 교수학습모형을 제시하였다. 인공지능교육에 대한 인지적 학습환경과 관련된 연구를 분석하여 Computational Thinking의 핵심 사고과정 중 하나인 추상화의 단계를 중심으로 절차를 구성하였으며, Agency(학습보조)에서 Modeling(인지적 구조화)으로의 전이를 토대로 학습구성의 단계를 제시하였다. 본 연구에서 제시한 인공지능교육의 프레임워크와 인지적 학습환경 구성의 절차는 Computational Thinking을 기반으로 제시되었다는 점에서 특징을 갖고 있으며 추후 인공지능 기반 교수학습연구의 근간이 될 것으로 기대한다.",1075.0,Computational Thinking 기반의 인공지능교육 프레임워크 및 인지적학습환경 설계,2019.0
"초등 교사들을 위한 인공지능 교육 프로그램 개발 및 적용 인공지능이해, 초등교사, 교육 프로그램, 인공지능 프로그래밍, 인공지능 도구 21세기 지식 정보 사회의 빠른 변화를 교사들이 수용하여 교육에 적용하여야 할 것이다. 빠른 변화의 중요한 축이 인공지능에 자리매김하고 있기 때문에 초등학교부터 인공지능 교육을 해야 한다. 이런 변화에 발맞추어 초등학교 교사들이 인공지능 교육을 위한 기본 역량을 갖추어야 한다. 이에 본 연구에서 초등학교 교사들을 위한 인공지능 교육 프로그램을 개발하였다. 본 개발 내용은 첫 번째 단계에서는 인공지능 개념을 이해해야 것이고, 두 번째 단계에는 인공지능 도구를 알고 적용할 수 있어야 하고, 마지막 단계는 인공지능 프로그램을 만들어 보고 적용하는 것이다. 이 단계를 적용하기 위하여 교사들에게 교육한 후에 현장 적용하고 평가하는 방법으로 실제 초등학교 교사 15명을 실험한 결과 초등학교에서 인공지능 교육을 담당할 교사들에게 유용한 교육 프로그램이 될 것 이다.",1076.0,초등 교사들을 위한 인공지능 교육 프로그램 개발 및 적용,2019.0
"전통 민속놀이를 이용한 초등학교 언플러그드 컴퓨팅 교육-윷놀이를 중심으로 소프트웨어교육, 컴퓨팅 사고력, 언플러그드 컴퓨팅, 윷놀이 2015 개정교육과정에서는 초등학생들에게 컴퓨터 과학의 개념과 원리를 쉽고 재미있게 배우며 컴퓨팅 사고력을 향상시키는 방법으로 언플러그드 컴퓨팅 교육을 제시하고 있다. 윷놀이는 우리나라만의 전통 보드게임으로서, 우리 민족의 역사, 문화, 과학 등 다양한 내용을 담고 있어 학습자의 문화적 정체성을 기르는 데 도움이 되고, 구성원 간의 협동심과 소통능력을 증진시킬 수 있어서 효과적인 언플러그드 컴퓨팅 교구로 활용될 수 있다. 본 논문에서는 초등학교 소프트웨어교육과 융합교육에 윷놀이가 언플러그드 컴퓨팅 도구로서 활용될 수 있는 가능성을 살펴보았다. 우리나라의 전통 보드게임 윷놀이는 순차, 선택, 반복 알고리즘 요소와 더불어 태양과 천체운행을 놀이로 학습할 수 있는 요소를 지니고 있다. 우리나라 전통문화를 적용한 언플러그드 활동 윷놀이는 초등학생의 컴퓨팅 사고력 향상과 의사소통역량, 공동체역량을 함께 신장 시킬 수 있어서 창의융합인재를 양성하는데 도움이 될 것으로 기대된다.",1077.0,전통 민속놀이를 이용한 초등학교 언플러그드 컴퓨팅 교육-윷놀이를 중심으로,2019.0
"토픽 모델링을 이용한 컴퓨팅 사고력 관련 연구 동향 분석 소프트웨어 교육, 컴퓨팅 사고력, LDA, 토픽 모델링 2015개정 교육과정을 통해 소프트웨어 교육이 도입되면서 기존의 ICT 소양 및 응용 소프트웨어 활용 교육에서 벗어나 학습자의 컴퓨팅 사고력을 향상시키기 위한 다양한 연구 활동이 이루어져 왔다. 이와 같은 변화에 따라 본 연구에서는 소프트웨어 교육에서 강조되고 있는 컴퓨팅 사고력과 관련된 다양한 연구 활동에 대한 연구 동향을 살피는데 그 목적이 있다. 이를 위해 2014년 1월부터 2019년 9월까지 출판된 컴퓨팅 사고력과 관련된 190편의 논문을 대상으로 주제어를 추출하여 그 단어들을 대상으로 빈도분석, 워드 클라우드, 연결 중심성, 토픽 모델링분석을 실시하였다. 토픽 모델링 분석 결과 지금까지의 주된 연구에는 ‘컴퓨터 사고력 교육 프로그램’, ‘컴퓨팅 사고력 예비교사 교육’, ‘컴퓨팅 사고력 로봇 활용 교육’, ‘컴퓨팅 사고력 평가’, ‘컴퓨팅 사고력 교과 연계 교육’에 관한 연구들이 진행되고 있음을 확인할 수 있었다. 본 연구 방법을 통해 현재까지 주로 진행되고 있는 컴퓨팅 사고력 관련 연구 동향을 파악할 수 있었고, 이는 컴퓨팅 사고력 교육의 어떤 부분이 연구자들에게 더 중요하게 인식되고 있는지를 알 수 있게 해 준다.",1078.0,토픽 모델링을 이용한 컴퓨팅 사고력 관련 연구 동향 분석,2019.0
"원격 로봇보조학습에 대한 초등교사의 기술수용도 분석 원격 로봇, 로봇보조학습, 기술수용모델, 사용 의도, 사후 사용 의도 원격 로봇보조학습은 신체적・지적・문화적・환경적으로 취약한 학생들에게 교육의 기회를 제공할 수 있으며, 농산어촌 고교학점제의 어학관련 과목의 온라인교육과정을 대체하거나 세계시민교육을 위한 국제교류학습에 활용할 수 있으나, 현재까지 수용모델 연구는 예비교사를 대상으로만 이루어졌으며 사후사용의도 요인은 고려하지 않았다. 따라서 본 논문은 초등교사를 대상으로 원격 로봇보조학습에 대하여 사용의도와 사후 사용의도에 영향을 주는 기초 요인을 알아보았다. 연구 결과, 원격 로봇보조학습에 대하여 초등교사들은 성별에 의해 각 요인이 유의미한 차이가 없었으며, 경력이 많은초등교사들이 FC, PAD, PS, SP에서 더 긍정적으로 유의미한 결과가 나왔다. 또 수용의도에 영향을 주는 요인으로 PU, ATT, PENJ, SI, Ttrust 모두 매우 유의미 있게 나왔다. 이와 같은 원격 로봇보조학습에 대한 초등 교사들의 수용의도를 바탕으로 교육정보 정책 수립을 할 수 있을 것이다.",1079.0,원격 로봇보조학습에 대한 초등교사의 기술수용도 분석,2019.0
"초·중등 학생, 학부모, 교사의 SW 교육에 대한 인식 조사: SW 선도학교를 중심으로 SW 교육, SW 교육에 대한 학생 인식,SW 교육에 대한 학부모 인식,SW 교육에 대한 교사 인식, SW 선도학교 본 연구는 초 중등 학생, 학부모, 교사들의 SW교육에 대한 인식을 분석하여 SW 교육에 대한 인식에 영향을 주는 변인을 확인함으로써 지속가능한 SW 교육을 위한 시사점을 도출하는데 그 목적이 있다. 이 연구를 위하여 층화표집방법을 통해 전국 SW 선도학교 중 초등학교 28개교, 중학교 14개교, 고등학교 8개교 총 50개를 선정하였으며 학생, 학부모, 교사를 대상으로 설문조사를 실시하였다. 이 연구에서는 학생 2,231명, 학부모 615명, 교사 173명의 설문지를 분석하였다. 연구 결과에 따르면 SW 선도학교를 경험한 학생, 학부모, 교사 모두 SW 교육에 대한 인식이 높게 나타났으며 학교급 별로는 초, 중, 고등학교 순으로 인식이 높게 나타났다. 연구대상자의 특성에 따라 인식의 차이를 분석한 결과, 학생의 경우 남학생이, SW 관련 동아리 활동을 한 학생이, 희망시수가 높을수록 인식도가 높았다. 학부모의 경우에는 남학생의 학부모가, 자녀가 동아리 활동을 하는 학부모가, 희망시수가 높은 학부모의 인식도가 높았다. 회귀분석을 통해 연구대상자의 특성이 인식도에 미치는 영향을 분석한 결과 학생, 교사의 인식도와 SW 관련 교육에 대한 희망시수는 정적인 영향을 미치는 요인으로 나타났다. 이를 통해 SW 관련 교육에 대한 기초자료로 활용될 수 있으리라 기대된다.",1080.0,"초·중등 학생, 학부모, 교사의 SW 교육에 대한 인식 조사: SW 선도학교를 중심으로",2019.0
"딥러닝 개념을 위한 인공지능 교육 프로그램 인공지능, 기계학습, 딥러닝 교육, 컨볼루션네트워크, 소프트웨어교육 본 연구는 초등학생의 딥러닝 개념 학습을 위한 교육 프로그램을 개발하는 것이다. 교육 프로그램의 모델은 CT요소 중심 모델을 토대로 딥러닝 교수학습모델을 개발하였다. 개발한 프로그램의 주제는 인공지능의 이미지 인식 CNN알고리즘으로 정하고, 9개 차시 교육프로그램을 개발하였다. 프로그램은 6학년을 대상으로 2주간에 걸쳐 적용을 하였다. 프로그램에 대한 학습 적합도 검사는 전문가 타당도 분석 결과로 CVR이 타당하게 나왔다. 학습자 수준 적합도와 교사 지도 수준의 적합도 문항의 경우 .80이하로 나타났으며 .96이 넘은 학습 환경과 매체의 적합도 문항에서는 높게 나타났다. 학생들의 만족도 분석 결과 학습의 이해도와 유익성, 흥미도, 학습자료 등에 대해서 평균 4.0이상을 보여 긍정적인 평가를 하여 본 연구의 가치를 확인할 수 있었다.",1081.0,딥러닝 개념을 위한 인공지능 교육 프로그램,2019.0
"초중등학생 소프트웨어 교육 만족도 분석을 위한 측정 도구 개발 SW 교육, 만족도 조사, 측정 도구 개발 교육이 효과적으로 이루어지기 위해서는 교육대상자들에 대한 평가가 적절하게 이루어질 필요가 있다. SW 교육의 효과성을 높이기 위해서는 교육에 대한 학생의 만족도를 분석하고, 그 결과를 바탕으로 교육과정을 재구성할 필요가 있다. 이에 본 연구에서는 SW 교육에 대한 학생들의 만족도를 정확하게 측정할 수 있는 SW 교육 만족도 측정 도구 개발을 설계하고 진행하였다. 만족도 측정 도구의 범주 및 문항을 개발하고 전문가 검증 및 AHP분석을 통해 타당도를 검증하였으며, 예비 검사를 통해 최종 문항을 선정하였다. 본 연구를 통해 SW 교육 만족도를 측정할 수 있는 도구를 개발하였으며, 이를 통해 유의미한 교육 설계에 도움을 줄 수 있을 것이라 기대한다.",1082.0,초중등학생 소프트웨어 교육 만족도 분석을 위한 측정 도구 개발,2019.0
"예비교사를 위한 게임 프로그래밍 교육모델 4E 개발 SW교육, 프로그래밍 교육, 게임 프로그래밍 교육모델, 교수 방법 프로그래밍 교육은 일반적으로 문제분석 과정, 알고리즘과 프로그래밍을 통한 자동화, 일반화 과정을 포함하고 있어 학습자의 컴퓨팅사고 향상에 좋은 소프트웨어 교육방법이다. 그러나 초보자의 경우 명령어 사용법에 대한 이해, 알고리즘 작성과 프로그래밍 구현단계에서 어려움을 겪는 것으로 나타났다. 본 연구에서는 예비교사들의 프로그래밍 교육을 위해 게임 프로그래밍 교육모델과 교육과정을 개발하였다. 4E 모델은 공감단계, 탐색단계, 강화단계 및 평가단계로 구성되었다. 또한 각 단계별로 게임 핵심 요소와 핵심 명령어 블록들을 학습할 수 있도록 구성하였다. 예비교사가 프로그래밍 명령어 활용에 대한 이해를 돕기 위해 예제 학습, 자기 게임 생성 및 팀 기반 프로젝트 형태로 구성된 3단계 교수학습 방법을 제시하였다. 15주간 교육과정으로 적용하고 검증한 결과 설계한 모델, 예비교사들의 블록 프로그래밍 역량 인식 등에서 유의미한 결과를 보였으며 제출한 결과물에 대한 컴퓨팅사고 수준도 높은 결과를 보였다.",1083.0,예비교사를 위한 게임 프로그래밍 교육모델 4E 개발,2019.0
"정보검색 능력과 빈도의 종단적 패턴에 따른 자기주도학습 능력 차이분석 정보검색, 정보활용, 자기주도학습, 종단연구, 구성주의 학습환경 고도화된 정보 시대의 학습은 학습자가 컴퓨터와 인터넷을 통해 정보자원에 접근하여 정보를 자기주도적으로 습득하고 평가하는 활동이라 할 수 있다. 4차 산업혁명 기술에 기반한 온라인 학습 플랫폼의 등장은 구성주의 학습이론에 기반하여 초중등 학습자가 자기주도적으로 정보를 검색하여 학습하는 환경으로 발전하고 있다. 온라인 학습환경에서 초중등 학습자의 정보검색 능력과 자기주도학습 능력에 대한 기존 연구를 살펴보면, 변인간의 긍정적 관련성이 높은 것으로 분석되었다. 하지만, 이는 특정 교과 수업과 콘텐츠에 국한된 횡단적인 연구로 보다 확장된 형태의 종단적인 연구를 통해 정보검색 능력과 자기주도학습 능력 간의 관련성을 분석해볼 필요가 있다. 본 연구에서는 8년 동안 수집된 서울교육종단연구의 패널데이터를 활용하여 정보검색 능력과 정보검색 빈도의 종단적인 패턴에 따른 자기주도학습 능력의 차이를 밝히고자 한다.",1084.0,정보검색 능력과 빈도의 종단적 패턴에 따른 자기주도학습 능력 차이분석,2019.0
"텍스트 마이닝 기법을 활용한 컴퓨팅 사고력 연구 동향 분석 컴퓨팅 사고력, 추상화, 자동화, 알고리즘, 문제분해 컴퓨팅 사고력에 대한 연구는 2006년 자넷 윙이 이를 정의하고 2014년 영국에서 SW교육을 필수교과로 운영하게 되면서 관련 연구가 본격화 되었다. 본 연구는 최근 중요도가 높아가는 컴퓨팅 사고력을 키워드로 관련 연구논문을 수집하여 텍스트 마이닝 기법으로 분석하였다. 1차는 컴퓨팅 사고력을 키워드로 CONCOR 분석을 하였으며 2차는 국내외 대표 학술지를 선정하여 컴퓨팅 사고력의 구성요소를 텍스트 마이닝 기법으로 분석하였다. 2회에 걸친 분석결과 도출된 시사점은 다음과 같다. 첫째, 추상화, 알고리즘, 데이터처리, 문제분해, 패턴인식은 컴퓨팅 사고력 구성요소에 대한 연구의 핵심을 이루고 있었다. 둘째, 컴퓨팅 사고력과 과학, 수학 교과 중심의 융합 교육에 대한 연구가 활발히 진행되고 있음을 확인하였다. 셋째, 컴퓨팅 사고력에 대한 연구가 2010년 이후 확대되고 있었다. 향후 컴퓨팅 사고력과 구성요소에 대한 분류와 정의를 정립하여 이를 교육현장에 적용하는 연구가 꾸준히 진행되어야 할 필요가 있다.",1085.0,텍스트 마이닝 기법을 활용한 컴퓨팅 사고력 연구 동향 분석,2019.0
"체계적 문헌고찰을 통한 메이커 교육 관련 연구 분석 메이커 교육, 메이커 교육 연구현황, 메이커 교육 프로그램, 메이커 교육 모형, 메이커 도구 4차 산업혁명의 도래로 사회가 요구하는 인재상이 변함에 따라 메이커 교육이 새로운 패러다임으로 대두되고 있으며 관련 연구 또한 증가하고 있다. 본 연구에서는 메이커 교육 관련 논문 65편을 대상으로 체계적 문헌고찰을 진행하였다. 메이커 교육을 학교 교육 현장에 적용하기 위해 고려할 요소를 중점적으로 분석하였으며 이를 통해 메이커 교육 연구가 나아가야 할 방향을 제시하고자 하였다. 분석 결과 메이커 교육 프로그램 개발 관련 논문의 1.4%만이 정규 교과 수업에서 활용 가능한 프로그램을 다루고 있는 것으로 나타났다. 또한, 활용한 메이커 교구의 대부분이 사전학습과 컴퓨터 시설을 필요로 하였다. 대부분의 프로그램이 2개 이상의 교과가 융합된 형태로 설계되었으며, 다수의 프로그램이 협동과 공유의 시간을 갖는 것으로 나타났다. 이러한 문헌고찰 결과를 바탕으로 향후 메이커 교육 연구에서는 교육 프로그램의 정규 교과과정 내 적용 방안, 학교급 별 권장 교구 및 사전 도구 교육, 학교 내 메이커스페이스의 구축, 메이커 산출물 공유 방안, 교사 연수 등에 대한 연구가 필요하다는 시사점을 제시하였다.",1086.0,체계적 문헌고찰을 통한 메이커 교육 관련 연구 분석,2019.0
"컴퓨팅 사고 중심의 SW교육 콘텐츠의 연구 컴퓨팅 사고, 소프트웨어 교육, 소프트웨어 교육과정, 정보교육 본 연구의 목적은 초등정보교육에서 컴퓨팅 사고를 신장시키기 위한 SW교육 콘텐츠를 설계하고 개발하는 것이다. SW교육 프로그램은 지식, 기능, 태도의 세 개 영역으로 나누었고, 컴퓨팅사고의 추상화, 자동화, 가치화로 연계하여 교육 프로그램을 개발하였다. 콘텐츠는 3개의 레벨로 나누고, 각각 16차시로 구성 하였다. 개발한 교육 프로그램에 대해 전문가 19인을 대상으로 내용 타당도를 실시한 결과 타당성이 높게 나타났다. 본 연구가 SW교육을 실시하는데 있어 컴퓨팅 사고를 신장하는데 도움이 되기를 바란다.",1087.0,컴퓨팅 사고 중심의 SW교육 콘텐츠의 연구,2019.0
"초등학생 대상 블록체인 기술의 위변조 방지 핵심원리 이해와 교육방안 설계 초등 교육, 게이미피케이션, 블록체인, 해시, 카드 게임 일반적인 학습방법은 다수의 학습자를 대상으로 정해진 학습에 대한 내용을 전달함으로서 지식을 전달하는 것을 목적으로 하고 있다. 하지만 이와 같은 방식은 학습자의 흥미를 유발하기 어려우며, 일방적으로 전달하는 방식은 특히 학습자의 집중을 낮추어 전체적인 학업성취도를 낮출 수 있다는 단점을 가지고 있다. 이러한 문제를 보완하기 위해 학습자 스스로 학업에 대한 흥미를 유도하는 게이미피케이션 방법이 연구되고 있으며, 교육과 게임을 접목한 게이미피케이션은 학생의 흥미를 유도하여 학습에 영향을 줄 수 있다. 본 논문에서는 최근 제 4차 산업혁명에 의해 크게 화제가 되고 있는 블록체인의 위·변조 방지 원리를 카드게임으로 제작하고, 학생이 카드게임을 진행하며 기술의 원리를 이해할 수 있는 방안을 제시함으로서 정보과학 교육과정의 발전에 이바지 할 수 있는 방안을 제안한다.",1088.0,초등학생 대상 블록체인 기술의 위변조 방지 핵심원리 이해와 교육방안 설계,2019.0
